{"cameraMode":{"drawMode":0,"name":"Shaded","section":"Shading Mode"},"sceneLighting":true,"audioPlay":false,"sceneViewState":{"showFog":true,"showMaterialUpdate":false,"showSkybox":true,"showFlares":true,"showImageEffects":true,"showParticleSystems":true},"in2DMode":false,"pivot":{"x":-10.394901275634766,"y":-21.02385139465332,"z":-17.317794799804689},"rotation":{"x":-0.05974831432104111,"y":0.9358618855476379,"z":-0.2879623770713806,"w":-0.19424918293952943},"size":39.539180755615237,"orthographic":false}